NOME DA CAMPANHA;DESCRIÇÃO;DATA INI;DATA FIM;VLD /CASHBACK;INVESTIMENTO;MAX/CPF;BLOQUEIO;REFERENCIA;CÓDIGO;NOME;QTD;CASHBACK;
COMERCIAL-LIMPEZA-7896098902028-01;Oferta válida para compras realizadas por pessoas físicas, com limite de R$ 12,00 por CPF, nas lojas Mateus Supermercados, Mix Atacarejo e Camiño em São Luís-Ma. Vigente de 26/04/2021 a 09/05/2021 ou enquanto durarem os estoques.;26/04/2021;09/05/2021;90;R$ 480,00;R$ 12,00;7;LIMPEZA-LUCILANDIA;7896098902028;Detergente Gel Concentrado Neutro Frasco 416g;1;R$ 2,00;COMERCIAL-LIMPEZA-7896098902028-01-01
COMERCIAL-LIMPEZA-7894650014219-01;Oferta válida para compras realizadas por pessoas físicas, com limite de R$ 18,00 por CPF, nas lojas Mateus Supermercados, Mix Atacarejo e Camiño em São Luís-Ma. Vigente de 26/04/2021 a 09/05/2021 ou enquanto durarem os estoques.;26/04/2021;09/05/2021;90;R$ 720,00;R$ 18,00;7;LIMPEZA-LUCILANDIA;7894650014219;Desinfetante Uso Geral Citrus Frasco 1L;1;R$ 3,00;COMERCIAL-LIMPEZA-7894650014219-01-01
COMERCIAL-LIMPEZA-7894650014202-01;Oferta válida para compras realizadas por pessoas físicas, com limite de R$ 18,00 por CPF, nas lojas Mateus Supermercados, Mix Atacarejo e Camiño em São Luís-Ma. Vigente de 26/04/2021 a 09/05/2021 ou enquanto durarem os estoques.;26/04/2021;09/05/2021;90;R$ 720,00;R$ 18,00;7;LIMPEZA-LUCILANDIA;7894650014202;Desinfetante Uso Geral Lavanda Frasco 1L;1;R$ 3,00;COMERCIAL-LIMPEZA-7894650014202-01-01
COMERCIAL-LIMPEZA-7897000800548-01;Oferta válida para compras realizadas por pessoas físicas, com limite de R$ 18,00 por CPF, nas lojas Mateus Supermercados, Mix Atacarejo e Camiño em São Luís-Ma. Vigente de 26/04/2021 a 09/05/2021 ou enquanto durarem os estoques.;26/04/2021;09/05/2021;90;R$ 720,00;R$ 18,00;7;LIMPEZA-LUCILANDIA;7897000800548;Desinfetante Uso Geral Original Frasco 1L;1;R$ 3,00;COMERCIAL-LIMPEZA-7897000800548-01-01
COMERCIAL-LIMPEZA-7897000800814-01;Oferta válida para compras realizadas por pessoas físicas, com limite de R$ 18,00 por CPF, nas lojas Mateus Supermercados, Mix Atacarejo e Camiño em São Luís-Ma. Vigente de 26/04/2021 a 09/05/2021 ou enquanto durarem os estoques.;26/04/2021;09/05/2021;90;R$ 720,00;R$ 18,00;7;LIMPEZA-LUCILANDIA;7897000800814;Desinfetante Uso Geral Suave Odor Frasco 1L;1;R$ 3,00;COMERCIAL-LIMPEZA-7897000800814-01-01
COMERCIAL-LIMPEZA-7500435115353-01;Oferta válida para compras realizadas por pessoas físicas, com limite de R$ 33,00 por CPF, nas lojas Mateus Supermercados, Mix Atacarejo e Camiño em São Luís-Ma. Vigente de 26/04/2021 a 09/05/2021 ou enquanto durarem os estoques.;26/04/2021;09/05/2021;90;R$ 660,00;R$ 33,00;7;LIMPEZA-EVERARDO;7500435115353;Lava-Roupas Concentrado Brancas e Coloridas 1,2L;1;R$ 5,50;COMERCIAL-LIMPEZA-7500435115353-01-01
COMERCIAL-LIMPEZA-7500435115827-01;Oferta válida para compras realizadas por pessoas físicas, com limite de R$ 33,00 por CPF, nas lojas Mateus Supermercados, Mix Atacarejo e Camiño em São Luís-Ma. Vigente de 26/04/2021 a 09/05/2021 ou enquanto durarem os estoques.;26/04/2021;09/05/2021;90;R$ 660,00;R$ 33,00;7;LIMPEZA-EVERARDO;7500435115827;Lava-Roupas Concentrado Toque de Downy 1,2L;1;R$ 5,50;COMERCIAL-LIMPEZA-7500435115827-01-01
COMERCIAL-MERCEARIA-7891999011039-01;Oferta válida para compras realizadas por pessoas físicas, com limite de R$ 7,50 por CPF, nas lojas Mateus Supermercados, Mix Atacarejo e Camiño em São Luís-Ma. Vigente de 26/04/2021 a 09/05/2021 ou enquanto durarem os estoques.;26/04/2021;09/05/2021;90;R$ 1.800,00;R$ 7,50;7;MERCEARIA-ADEVAGNO;7891999011039;Margarina com Sal Pote 500g;1;R$ 1,50;COMERCIAL-MERCEARIA-7891999011039-01-01
COMERCIAL-FERRAMENTAS/FERRAGENS-7896008910112-01;Oferta válida para compras realizadas por pessoas físicas, com limite de R$ 36,00 por CPF, nas lojas Mateus Supermercados, Mix Atacarejo e Camiño em São Luís-Ma. Vigente de 26/04/2021 a 09/05/2021 ou enquanto durarem os estoques.;26/04/2021;09/05/2021;90;R$ 4.000,00;R$ 36,00;7;FERRAMENTAS/FERRAGENS-ADRIANO OLIVEIRA;7896008910112;Baralho 139 Caixa 1 Unidade;1;R$ 3,00;COMERCIAL-FERRAMENTAS/FERRAGENS-7896008910112-01-01
COMERCIAL-MERCEARIA-7891000279328-01;Oferta válida para compras realizadas por pessoas físicas, com limite de R$ 2,25 por CPF, nas lojas Mateus Supermercados, Mix Atacarejo e Camiño em São Luís-Ma. Vigente de 26/04/2021 a 09/05/2021 ou enquanto durarem os estoques.;26/04/2021;09/05/2021;90;R$ 750,00;R$ 2,25;7;MERCEARIA-THAYLOR;7891000279328;Chocolate KitKat Avelã Pacote 41g;1;R$ 0,75;COMERCIAL-MERCEARIA-7891000279328-01-01
COMERCIAL-MERCEARIA-7891000249239-01;Oferta válida para compras realizadas por pessoas físicas, com limite de R$ 2,25 por CPF, nas lojas Mateus Supermercados, Mix Atacarejo e Camiño em São Luís-Ma. Vigente de 26/04/2021 a 09/05/2021 ou enquanto durarem os estoques.;26/04/2021;09/05/2021;90;R$ 750,00;R$ 2,25;7;MERCEARIA-THAYLOR;7891000249239;Chocolate Branco Kit Kat  Pacote 41,5G;1;R$ 0,75;COMERCIAL-MERCEARIA-7891000249239-01-01
COMERCIAL-MERCEARIA-7891000248829-01;Oferta válida para compras realizadas por pessoas físicas, com limite de R$ 2,25 por CPF, nas lojas Mateus Supermercados, Mix Atacarejo e Camiño em São Luís-Ma. Vigente de 26/04/2021 a 09/05/2021 ou enquanto durarem os estoques.;26/04/2021;09/05/2021;90;R$ 750,00;R$ 2,25;7;MERCEARIA-THAYLOR;7891000248829;Chocolate Kit Kat Dark Pacote 41,5 g;1;R$ 0,75;COMERCIAL-MERCEARIA-7891000248829-01-01
COMERCIAL-MERCEARIA-7891000248768-01;Oferta válida para compras realizadas por pessoas físicas, com limite de R$ 2,25 por CPF, nas lojas Mateus Supermercados, Mix Atacarejo e Camiño em São Luís-Ma. Vigente de 26/04/2021 a 09/05/2021 ou enquanto durarem os estoques.;26/04/2021;09/05/2021;90;R$ 750,00;R$ 2,25;7;MERCEARIA-THAYLOR;7891000248768;Chocolate Kit Kat ao Leite Pacote 41,5g;1;R$ 0,75;COMERCIAL-MERCEARIA-7891000248768-01-01
COMERCIAL-MERCEARIA-7896223702738-01;Oferta válida para compras realizadas por pessoas físicas, com limite de R$ 0,80 por CPF, nas lojas Mateus Supermercados, Mix Atacarejo e Camiño em São Luís-Ma. Vigente de 26/04/2021 a 09/05/2021 ou enquanto durarem os estoques.;26/04/2021;09/05/2021;90;R$ 960,00;R$ 0,80;7;MERCEARIA-EFRAIM;7896223702738;Flocão De Milho Pacote 500g;1;R$ 0,40;COMERCIAL-MERCEARIA-7896223702738-01-01
COMERCIAL-BEBIDAS-7894900011517-01;Oferta válida para compras realizadas por pessoas físicas, com limite de R$ 12,00 por CPF, nas lojas Mateus Supermercados, Mix Atacarejo e Camiño em São Luís-Ma. Vigente de 26/04/2021 a 09/05/2021 ou enquanto durarem os estoques.;26/04/2021;09/05/2021;90;R$ 2.400,00;R$ 12,00;7;BEBIDAS-ALEX DOURADO;7894900011517;Refrigerante Coca-Cola Pet 2L;1;R$ 2,00;COMERCIAL-BEBIDAS-7894900011517-01-01
COMERCIAL-LIMPEZA-7894650939161-01;Oferta válida para compras realizadas por pessoas físicas, com limite de R$ 18,00 por CPF, nas lojas Mateus Supermercados, Mix Atacarejo e Camiño em São Luís-Ma. Vigente de 26/04/2021 a 09/05/2021 ou enquanto durarem os estoques.;26/04/2021;09/05/2021;90;R$ 144,00;R$ 18,00;7;LIMPEZA-LUCILANDIA;7894650939161;Repelente Elétrico Líquido 45 Noites Family 32ml;1;R$ 3,00;COMERCIAL-LIMPEZA-7894650939161-01-01
COMERCIAL-LIMPEZA-7894650013281-01;Oferta válida para compras realizadas por pessoas físicas, com limite de R$ 18,00 por CPF, nas lojas Mateus Supermercados, Mix Atacarejo e Camiño em São Luís-Ma. Vigente de 26/04/2021 a 09/05/2021 ou enquanto durarem os estoques.;26/04/2021;09/05/2021;90;R$ 144,00;R$ 18,00;7;LIMPEZA-LUCILANDIA;7894650013281;Repelente Elétrico Líquido Aparelho + Refil 32ml;1;R$ 3,00;COMERCIAL-LIMPEZA-7894650013281-01-01
COMERCIAL-FERRAMENTAS/FERRAGENS-41333001029-01;Oferta válida para compras realizadas por pessoas físicas, com limite de R$ 24,00 por CPF, nas lojas Mateus Supermercados, Mix Atacarejo e Camiño em São Luís-Ma. Vigente de 26/04/2021 a 09/05/2021 ou enquanto durarem os estoques.;26/04/2021;09/05/2021;90;R$ 2.000,00;R$ 24,00;7;FERRAMENTAS/FERRAGENS-ADRIANO OLIVEIRA;41333001029;Pilha Alcalina AA MN 1500B4 1,5V Unidade;1;R$ 4,00;COMERCIAL-FERRAMENTAS/FERRAGENS-41333001029-01-01
COMERCIAL-FERRAMENTAS/FERRAGENS-41333001098-01;Oferta válida para compras realizadas por pessoas físicas, com limite de R$ 24,00 por CPF, nas lojas Mateus Supermercados, Mix Atacarejo e Camiño em São Luís-Ma. Vigente de 26/04/2021 a 09/05/2021 ou enquanto durarem os estoques.;26/04/2021;09/05/2021;90;R$ 2.000,00;R$ 24,00;7;FERRAMENTAS/FERRAGENS-ADRIANO OLIVEIRA;41333001098;Pilha Alcalina AAA MN 2400B4 1,5V Unidade;1;R$ 4,00;COMERCIAL-FERRAMENTAS/FERRAGENS-41333001098-01-01
COMERCIAL-FERRAMENTAS/FERRAGENS-7897181961687-01;Oferta válida para compras realizadas por pessoas físicas, com limite de R$ 89,70 por CPF, nas lojas Mateus Supermercados, Mix Atacarejo e Camiño em São Luís-Ma. Vigente de 26/04/2021 a 09/05/2021 ou enquanto durarem os estoques.;26/04/2021;09/05/2021;90;R$ 986,70;R$ 89,70;7;FERRAMENTAS/FERRAGENS-RAFAEL NUNES;7897181961687;Furadeira Impacto 10mm 3/8'' 550W 220V ;1;R$ 29,90;COMERCIAL-FERRAMENTAS/FERRAGENS-7897181961687-01-01
COMERCIAL-FERRAMENTAS/FERRAGENS-7898224823221-01;Oferta válida para compras realizadas por pessoas físicas, com limite de R$ 20,34 por CPF, nas lojas Mateus Supermercados, Mix Atacarejo e Camiño em São Luís-Ma. Vigente de 26/04/2021 a 09/05/2021 ou enquanto durarem os estoques.;26/04/2021;09/05/2021;90;R$ 599,35;R$ 20,34;7;FERRAMENTAS/FERRAGENS-RAFAEL NUNES;7898224823221;Ração para Gatos Adultos Sabor Peixe 1kg;1;R$ 3,39;COMERCIAL-FERRAMENTAS/FERRAGENS-7898224823221-01-01
COMERCIAL-FERRAMENTAS/FERRAGENS-7898224823405-01;Oferta válida para compras realizadas por pessoas físicas, com limite de R$ 20,34 por CPF, nas lojas Mateus Supermercados, Mix Atacarejo e Camiño em São Luís-Ma. Vigente de 26/04/2021 a 09/05/2021 ou enquanto durarem os estoques.;26/04/2021;09/05/2021;90;R$ 599,35;R$ 20,34;7;FERRAMENTAS/FERRAGENS-RAFAEL NUNES;7898224823405;Ração para Gatos em Crescimento e Adultos 1kg;1;R$ 3,39;COMERCIAL-FERRAMENTAS/FERRAGENS-7898224823405-01-01
COMERCIAL-MERCEARIA-7898366932768-01;Oferta válida para compras realizadas por pessoas físicas, com limite de R$ 1,44 por CPF, nas lojas Mateus Supermercados, Mix Atacarejo e Camiño em São Luís-Ma. Vigente de 26/04/2021 a 09/05/2021 ou enquanto durarem os estoques.;26/04/2021;09/05/2021;90;R$ 1.296,00;R$ 1,44;7;MERCEARIA-ELIETE;7898366932768;Molho de Tomate Tradicional Sachê 340g;1;R$ 0,36;COMERCIAL-MERCEARIA-7898366932768-01-01
COMERCIAL-BEBIDAS-7897200101902-01;Oferta válida para compras realizadas por pessoas físicas, com limite de R$ 12,00 por CPF, nas lojas Mateus Supermercados, Mix Atacarejo e Camiño em São Luís-Ma. Vigente de 26/04/2021 a 09/05/2021 ou enquanto durarem os estoques.;26/04/2021;09/05/2021;90;R$ 152,00;R$ 12,00;7;BEBIDAS-CLAUDIO ROBERTO;7897200101902;Vinho Tinto Nacional Suave Garrafa 750ml;1;R$ 2,00;COMERCIAL-BEBIDAS-7897200101902-01-01
COMERCIAL-BEBIDAS-7897200101896-01;Oferta válida para compras realizadas por pessoas físicas, com limite de R$ 12,00 por CPF, nas lojas Mateus Supermercados, Mix Atacarejo e Camiño em São Luís-Ma. Vigente de 26/04/2021 a 09/05/2021 ou enquanto durarem os estoques.;26/04/2021;09/05/2021;90;R$ 60,00;R$ 12,00;7;BEBIDAS-CLAUDIO ROBERTO;7897200101896;Vinho Tinto Nacional Seco Garrafa 750ml;1;R$ 2,00;COMERCIAL-BEBIDAS-7897200101896-01-01
COMERCIAL-LIMPEZA-7894650939178-01;Oferta válida para compras realizadas por pessoas físicas, com limite de R$ 18,00 por CPF, nas lojas Mateus Supermercados, Mix Atacarejo e Camiño em São Luís-Ma. Vigente de 26/04/2021 a 09/05/2021 ou enquanto durarem os estoques.;26/04/2021;09/05/2021;90;R$ 144,00;R$ 18,00;7;LIMPEZA-LUCILANDIA;7894650939178;Kit Aparelho+Repelente 45 Noites Family Refil 32ml;1;R$ 3,00;COMERCIAL-LIMPEZA-7894650939178-01-01
COMERCIAL-FERRAMENTAS/FERRAGENS-7898224824273-01;Oferta válida para compras realizadas por pessoas físicas, com limite de R$ 16,14 por CPF, nas lojas Mateus Supermercados, Mix Atacarejo e Camiño em São Luís-Ma. Vigente de 26/04/2021 a 09/05/2021 ou enquanto durarem os estoques.;26/04/2021;09/05/2021;90;R$ 475,59;R$ 16,14;7;FERRAMENTAS/FERRAGENS-RAFAEL NUNES;7898224824273;Ração Premium para Cães de Raças Pequenas 1kg;1;R$ 2,69;COMERCIAL-FERRAMENTAS/FERRAGENS-7898224824273-01-01
COMERCIAL-LIMPEZA-7894650937730-01;Oferta válida para compras realizadas por pessoas físicas, com limite de R$ 24,00 por CPF, nas lojas Mateus Supermercados, Mix Atacarejo e Camiño em São Luís-Ma. Vigente de 26/04/2021 a 09/05/2021 ou enquanto durarem os estoques.;26/04/2021;09/05/2021;90;R$ 960,00;R$ 24,00;7;LIMPEZA-LUCILANDIA;7894650937730;Desinfetante Bactericida Spray Lavanda 360ml;1;R$ 4,00;COMERCIAL-LIMPEZA-7894650937730-01-01
COMERCIAL-LIMPEZA-7894650937747-01;Oferta válida para compras realizadas por pessoas físicas, com limite de R$ 24,00 por CPF, nas lojas Mateus Supermercados, Mix Atacarejo e Camiño em São Luís-Ma. Vigente de 26/04/2021 a 09/05/2021 ou enquanto durarem os estoques.;26/04/2021;09/05/2021;90;R$ 960,00;R$ 24,00;7;LIMPEZA-LUCILANDIA;7894650937747;Desinfetante Spray Lembranças de Infância 360ml;1;R$ 4,00;COMERCIAL-LIMPEZA-7894650937747-01-01
COMERCIAL-LIMPEZA-7894650937723-01;Oferta válida para compras realizadas por pessoas físicas, com limite de R$ 24,00 por CPF, nas lojas Mateus Supermercados, Mix Atacarejo e Camiño em São Luís-Ma. Vigente de 26/04/2021 a 09/05/2021 ou enquanto durarem os estoques.;26/04/2021;09/05/2021;90;R$ 960,00;R$ 24,00;7;LIMPEZA-LUCILANDIA;7894650937723;Desinfetante Superfícies Spray Original 360ml;1;R$ 4,00;COMERCIAL-LIMPEZA-7894650937723-01-01
COMERCIAL-BAZAR-7898678504028-01;Oferta válida para compras realizadas por pessoas físicas, com limite de R$ 6,00 por CPF, nas lojas Mateus Supermercados, Mix Atacarejo e Camiño em São Luís-Ma. Vigente de 26/04/2021 a 09/05/2021 ou enquanto durarem os estoques.;26/04/2021;09/05/2021;90;R$ 180,00;R$ 6,00;7;BAZAR-ELIANA SILVA;7898678504028;Taça de Água Diamond 350ml;1;R$ 3,00;COMERCIAL-BAZAR-7898678504028-01-01
COMERCIAL-BAZAR-7898678504035-01;Oferta válida para compras realizadas por pessoas físicas, com limite de R$ 6,00 por CPF, nas lojas Mateus Supermercados, Mix Atacarejo e Camiño em São Luís-Ma. Vigente de 26/04/2021 a 09/05/2021 ou enquanto durarem os estoques.;26/04/2021;09/05/2021;90;R$ 180,00;R$ 6,00;7;BAZAR-ELIANA SILVA;7898678504035;Taça Champagne Vidro Diamond 170ML;1;R$ 3,00;COMERCIAL-BAZAR-7898678504035-01-01
COMERCIAL-BEBIDAS-7896045504831-01;Oferta válida para compras realizadas por pessoas físicas, com limite de R$ 18,72 por CPF, nas lojas Mateus Supermercados, Mix Atacarejo e Camiño em São Luís-Ma. Vigente de 26/04/2021 a 09/05/2021 ou enquanto durarem os estoques.;26/04/2021;09/05/2021;90;R$ 3.744,00;R$ 18,72;7;BEBIDAS-IZAIAS;7896045504831;Cerveja Lager Puro Malte Lata 350ml;1;R$ 0,52;COMERCIAL-BEBIDAS-7896045504831-01-01
COMERCIAL-BEBIDAS-7896100500785-01;Oferta válida para compras realizadas por pessoas físicas, com limite de R$ 12,00 por CPF, nas lojas Mateus Supermercados, Mix Atacarejo e Camiño em São Luís-Ma. Vigente de 26/04/2021 a 09/05/2021 ou enquanto durarem os estoques.;26/04/2021;09/05/2021;90;R$ 152,00;R$ 12,00;7;BEBIDAS-CLAUDIO ROBERTO;7896100500785;Vinho Brasileiro Tinto Suave Garrafa 750ML;1;R$ 2,00;COMERCIAL-BEBIDAS-7896100500785-01-01
COMERCIAL-BEBIDAS-7896100500815-01;Oferta válida para compras realizadas por pessoas físicas, com limite de R$ 12,00 por CPF, nas lojas Mateus Supermercados, Mix Atacarejo e Camiño em São Luís-Ma. Vigente de 26/04/2021 a 09/05/2021 ou enquanto durarem os estoques.;26/04/2021;09/05/2021;90;R$ 60,00;R$ 12,00;7;BEBIDAS-CLAUDIO ROBERTO;7896100500815;Vinho Brasileiro Tinto Seco Garrafa 750ml;1;R$ 2,00;COMERCIAL-BEBIDAS-7896100500815-01-01
COMERCIAL-BAZAR-7893249248738-01;Oferta válida para compras realizadas por pessoas físicas, com limite de R$ 9,40 por CPF, nas lojas Mateus Supermercados, Mix Atacarejo e Camiño em São Luís-Ma. Vigente de 26/04/2021 a 09/05/2021 ou enquanto durarem os estoques.;26/04/2021;09/05/2021;90;R$ 235,00;R$ 9,40;7;BAZAR-LUCIANA;7893249248738;Sandália Havaianas Aloha Masculina Branca 37/38;1;R$ 4,70;COMERCIAL-BAZAR-7893249248738-01-01
COMERCIAL-BAZAR-7893249248752-01;Oferta válida para compras realizadas por pessoas físicas, com limite de R$ 9,40 por CPF, nas lojas Mateus Supermercados, Mix Atacarejo e Camiño em São Luís-Ma. Vigente de 26/04/2021 a 09/05/2021 ou enquanto durarem os estoques.;26/04/2021;09/05/2021;90;R$ 235,00;R$ 9,40;7;BAZAR-LUCIANA;7893249248752;Havaianas Masculina Aloha Branca/Preto 39/40;1;R$ 4,70;COMERCIAL-BAZAR-7893249248752-01-01
COMERCIAL-BAZAR-7893249248776-01;Oferta válida para compras realizadas por pessoas físicas, com limite de R$ 9,40 por CPF, nas lojas Mateus Supermercados, Mix Atacarejo e Camiño em São Luís-Ma. Vigente de 26/04/2021 a 09/05/2021 ou enquanto durarem os estoques.;26/04/2021;09/05/2021;90;R$ 235,00;R$ 9,40;7;BAZAR-LUCIANA;7893249248776;Sandália Havaianas Aloha Masculina Branca 41/42;1;R$ 4,70;COMERCIAL-BAZAR-7893249248776-01-01
COMERCIAL-BAZAR-7893249248790-01;Oferta válida para compras realizadas por pessoas físicas, com limite de R$ 9,40 por CPF, nas lojas Mateus Supermercados, Mix Atacarejo e Camiño em São Luís-Ma. Vigente de 26/04/2021 a 09/05/2021 ou enquanto durarem os estoques.;26/04/2021;09/05/2021;90;R$ 235,00;R$ 9,40;7;BAZAR-LUCIANA;7893249248790;Havaianas Aloha Masculina Branca/Preto 43/44;1;R$ 4,70;COMERCIAL-BAZAR-7893249248790-01-01
COMERCIAL-HIGIENE E BELEZA-7896061995910-01;Oferta válida para compras realizadas por pessoas físicas, com limite de R$ 32,70 por CPF, nas lojas Mateus Supermercados, Mix Atacarejo e Camiño em São Luís-Ma. Vigente de 26/04/2021 a 09/05/2021 ou enquanto durarem os estoques.;26/04/2021;09/05/2021;90;R$ 2.725,00;R$ 32,70;7;HIGIENE E BELEZA-CLICIA;7896061995910;Fralda Galinha Pintadinha Tamanho G Pacote;1;R$ 5,45;COMERCIAL-HIGIENE E BELEZA-7896061995910-01-01
COMERCIAL-HIGIENE E BELEZA-7896061995477-01;Oferta válida para compras realizadas por pessoas físicas, com limite de R$ 32,70 por CPF, nas lojas Mateus Supermercados, Mix Atacarejo e Camiño em São Luís-Ma. Vigente de 26/04/2021 a 09/05/2021 ou enquanto durarem os estoques.;26/04/2021;09/05/2021;90;R$ 2.725,00;R$ 32,70;7;HIGIENE E BELEZA-CLICIA;7896061995477;Fralda Galinha Pintadinha Mega Tamanho XXG Pacote;1;R$ 5,45;COMERCIAL-HIGIENE E BELEZA-7896061995477-01-01
COMERCIAL-HIGIENE E BELEZA-7896061995927-01;Oferta válida para compras realizadas por pessoas físicas, com limite de R$ 32,70 por CPF, nas lojas Mateus Supermercados, Mix Atacarejo e Camiño em São Luís-Ma. Vigente de 26/04/2021 a 09/05/2021 ou enquanto durarem os estoques.;26/04/2021;09/05/2021;90;R$ 2.725,00;R$ 32,70;7;HIGIENE E BELEZA-CLICIA;7896061995927;Fralda Galinha Pitadinha Mega Tamanho XG Pacote;1;R$ 5,45;COMERCIAL-HIGIENE E BELEZA-7896061995927-01-01
COMERCIAL-HIGIENE E BELEZA-7896061995460-01;Oferta válida para compras realizadas por pessoas físicas, com limite de R$ 32,70 por CPF, nas lojas Mateus Supermercados, Mix Atacarejo e Camiño em São Luís-Ma. Vigente de 26/04/2021 a 09/05/2021 ou enquanto durarem os estoques.;26/04/2021;09/05/2021;90;R$ 2.725,00;R$ 32,70;7;HIGIENE E BELEZA-CLICIA;7896061995460;Fralda Galinha Pintadinha UltraSec Mega Tamanho P;1;R$ 5,45;COMERCIAL-HIGIENE E BELEZA-7896061995460-01-01
COMERCIAL-HIGIENE E BELEZA-7896061995903-01;Oferta válida para compras realizadas por pessoas físicas, com limite de R$ 32,70 por CPF, nas lojas Mateus Supermercados, Mix Atacarejo e Camiño em São Luís-Ma. Vigente de 26/04/2021 a 09/05/2021 ou enquanto durarem os estoques.;26/04/2021;09/05/2021;90;R$ 2.725,00;R$ 32,70;7;HIGIENE E BELEZA-CLICIA;7896061995903;Fralda Galinha Pintadinha UltraSec Mega Tamanho M;1;R$ 5,45;COMERCIAL-HIGIENE E BELEZA-7896061995903-01-01
COMERCIAL-BEBIDAS-7891991294959-01;Oferta válida para compras realizadas por pessoas físicas, com limite de R$ 18,00 por CPF, nas lojas Mateus Supermercados, Mix Atacarejo e Camiño em São Luís-Ma. Vigente de 26/04/2021 a 09/05/2021 ou enquanto durarem os estoques.;26/04/2021;09/05/2021;90;R$ 3.600,00;R$ 18,00;7;BEBIDAS-IZAIAS;7891991294959;CERVEJABRAHMADUPLOMALTELT350ML;1;R$ 0,50;COMERCIAL-BEBIDAS-7891991294959-01-01
COMERCIAL-LIMPEZA-7896075300311-01;Oferta válida para compras realizadas por pessoas físicas, com limite de R$ 5,40 por CPF, nas lojas Mateus Supermercados, Mix Atacarejo e Camiño em São Luís-Ma. Vigente de 26/04/2021 a 09/05/2021 ou enquanto durarem os estoques.;26/04/2021;09/05/2021;90;R$ 1.296,00;R$ 5,40;7;LIMPEZA-TARLISSON;7896075300311;Papel Higiênico Folha Dupla Premium 30m Pacote;1;R$ 2,70;COMERCIAL-LIMPEZA-7896075300311-01-01
COMERCIAL-BEBIDAS-7804320148397-01;Oferta válida para compras realizadas por pessoas físicas, com limite de R$ 29,46 por CPF, nas lojas Mateus Supermercados, Mix Atacarejo e Camiño em São Luís-Ma. Vigente de 26/04/2021 a 09/05/2021 ou enquanto durarem os estoques.;26/04/2021;09/05/2021;90;R$ 98,20;R$ 29,46;7;BEBIDAS-CLAUDIO ROBERTO;7804320148397;Vinho Chileno Meio Seco Merlot Valle Central 750ml;1;R$ 4,91;COMERCIAL-BEBIDAS-7804320148397-01-01
COMERCIAL-BEBIDAS-7804320116846-01;Oferta válida para compras realizadas por pessoas físicas, com limite de R$ 29,46 por CPF, nas lojas Mateus Supermercados, Mix Atacarejo e Camiño em São Luís-Ma. Vigente de 26/04/2021 a 09/05/2021 ou enquanto durarem os estoques.;26/04/2021;09/05/2021;90;R$ 98,20;R$ 29,46;7;BEBIDAS-CLAUDIO ROBERTO;7804320116846;Vinho Chileno Meio Seco Cabernet Sauvignon 750ml;1;R$ 4,91;COMERCIAL-BEBIDAS-7804320116846-01-01
COMERCIAL-BEBIDAS-7804320116921-01;Oferta válida para compras realizadas por pessoas físicas, com limite de R$ 29,46 por CPF, nas lojas Mateus Supermercados, Mix Atacarejo e Camiño em São Luís-Ma. Vigente de 26/04/2021 a 09/05/2021 ou enquanto durarem os estoques.;26/04/2021;09/05/2021;90;R$ 98,20;R$ 29,46;7;BEBIDAS-CLAUDIO ROBERTO;7804320116921;Vinho Chileno Meio Seco Carménère Valle 750ml;1;R$ 4,91;COMERCIAL-BEBIDAS-7804320116921-01-01
COMERCIAL-BEBIDAS-7798039590496-01;Oferta válida para compras realizadas por pessoas físicas, com limite de R$ 29,46 por CPF, nas lojas Mateus Supermercados, Mix Atacarejo e Camiño em São Luís-Ma. Vigente de 26/04/2021 a 09/05/2021 ou enquanto durarem os estoques.;26/04/2021;09/05/2021;90;R$ 98,20;R$ 29,46;7;BEBIDAS-CLAUDIO ROBERTO;7798039590496;Vinho Argentino Tinto Meio Seco Malbec 750ml;1;R$ 4,91;COMERCIAL-BEBIDAS-7798039590496-01-01
COMERCIAL-MERCEARIA-7896004006499-01;Oferta válida para compras realizadas por pessoas físicas, com limite de R$ 4,50 por CPF, nas lojas Mateus Supermercados, Mix Atacarejo e Camiño em São Luís-Ma. Vigente de 26/04/2021 a 09/05/2021 ou enquanto durarem os estoques.;26/04/2021;09/05/2021;90;R$ 1.500,00;R$ 4,50;7;MERCEARIA-AMANDA;7896004006499;Salgadinho de Batata Queijo Pringles Tubo 120g;1;R$ 1,50;COMERCIAL-MERCEARIA-7896004006499-01-01
COMERCIAL-MERCEARIA-7896004006482-01;Oferta válida para compras realizadas por pessoas físicas, com limite de R$ 4,50 por CPF, nas lojas Mateus Supermercados, Mix Atacarejo e Camiño em São Luís-Ma. Vigente de 26/04/2021 a 09/05/2021 ou enquanto durarem os estoques.;26/04/2021;09/05/2021;90;R$ 1.500,00;R$ 4,50;7;MERCEARIA-AMANDA;7896004006482;Salgadinho de Batata Original Tubo 114g;1;R$ 1,50;COMERCIAL-MERCEARIA-7896004006482-01-01
COMERCIAL-MERCEARIA-7896004006475-01;Oferta válida para compras realizadas por pessoas físicas, com limite de R$ 4,50 por CPF, nas lojas Mateus Supermercados, Mix Atacarejo e Camiño em São Luís-Ma. Vigente de 26/04/2021 a 09/05/2021 ou enquanto durarem os estoques.;26/04/2021;09/05/2021;90;R$ 1.500,00;R$ 4,50;7;MERCEARIA-AMANDA;7896004006475;Salgadinho de Batata Creme e Cebola Tubo 120g;1;R$ 1,50;COMERCIAL-MERCEARIA-7896004006475-01-01
COMERCIAL-BEBIDAS-5010093501778-01;Oferta válida para compras realizadas por pessoas físicas, com limite de R$ 30,00 por CPF, nas lojas Mateus Supermercados, Mix Atacarejo e Camiño em São Luís-Ma. Vigente de 26/04/2021 a 09/05/2021 ou enquanto durarem os estoques.;26/04/2021;09/05/2021;90;R$ 250,00;R$ 30,00;7;BEBIDAS-ANDRÉ SERPA;5010093501778;Whisky Importado Highland Cream Garrafa 1L;1;R$ 5,00;COMERCIAL-BEBIDAS-5010093501778-01-01
COMERCIAL-BAZAR-7899676511865-01;Oferta válida para compras realizadas por pessoas físicas, com limite de R$ 2,00 por CPF, nas lojas Mateus Supermercados, Mix Atacarejo e Camiño em São Luís-Ma. Vigente de 26/04/2021 a 09/05/2021 ou enquanto durarem os estoques.;26/04/2021;09/05/2021;90;R$ 200,00;R$ 2,00;7;BAZAR-ELIANA SILVA;7899676511865;Jogo De Copos Latino 6 Peças Caixa ;1;R$ 1,00;COMERCIAL-BAZAR-7899676511865-01-01
COMERCIAL-HIGIENE E BELEZA-4005808925216-01;Oferta válida para compras realizadas por pessoas físicas, com limite de R$ 6,00 por CPF, nas lojas Mateus Supermercados, Mix Atacarejo e Camiño em São Luís-Ma. Vigente de 26/04/2021 a 09/05/2021 ou enquanto durarem os estoques.;26/04/2021;09/05/2021;90;R$ 240,00;R$ 6,00;7;HIGIENE E BELEZA-TATIANA;4005808925216;Sabonete Líquido Antibacteriano Fresh Frasco 250ml;1;R$ 1,00;COMERCIAL-HIGIENE E BELEZA-4005808925216-01-01
COMERCIAL-HIGIENE E BELEZA-4005808925223-01;Oferta válida para compras realizadas por pessoas físicas, com limite de R$ 6,00 por CPF, nas lojas Mateus Supermercados, Mix Atacarejo e Camiño em São Luís-Ma. Vigente de 26/04/2021 a 09/05/2021 ou enquanto durarem os estoques.;26/04/2021;09/05/2021;90;R$ 240,00;R$ 6,00;7;HIGIENE E BELEZA-TATIANA;4005808925223;Sabonete Líquido Suave Proteção & Cuidado 250ml;1;R$ 1,00;COMERCIAL-HIGIENE E BELEZA-4005808925223-01-01
COMERCIAL-BAZAR-7898420977360-01;Oferta válida para compras realizadas por pessoas físicas, com limite de R$ 6,00 por CPF, nas lojas Mateus Supermercados, Mix Atacarejo e Camiño em São Luís-Ma. Vigente de 26/04/2021 a 09/05/2021 ou enquanto durarem os estoques.;26/04/2021;09/05/2021;90;R$ 180,00;R$ 6,00;7;BAZAR-CARLA GABRIELA ;7898420977360;Capa de Chuva Adulto Azul Brizi Tamanho GG Pacote;1;R$ 3,00;COMERCIAL-BAZAR-7898420977360-01-01
COMERCIAL-BAZAR-7898516916310-01;Oferta válida para compras realizadas por pessoas físicas, com limite de R$ 12,00 por CPF, nas lojas Mateus Supermercados, Mix Atacarejo e Camiño em São Luís-Ma. Vigente de 26/04/2021 a 09/05/2021 ou enquanto durarem os estoques.;26/04/2021;09/05/2021;90;R$ 480,00;R$ 12,00;7;BAZAR-CARLA GABRIELA ;7898516916310;Sombrinha Californiana Sortida Extra Sortida;1;R$ 6,00;COMERCIAL-BAZAR-7898516916310-01-01
COMERCIAL-LIMPEZA-7506339332650-01;Oferta válida para compras realizadas por pessoas físicas, com limite de R$ 16,80 por CPF, nas lojas Mateus Supermercados, Mix Atacarejo e Camiño em São Luís-Ma. Vigente de 26/04/2021 a 09/05/2021 ou enquanto durarem os estoques.;26/04/2021;09/05/2021;90;R$ 672,00;R$ 16,80;7;LIMPEZA-ERMESSON;7506339332650;Amaciante de Roupa Concentrado Brisa de Verão 1,5L;1;R$ 2,80;COMERCIAL-LIMPEZA-7506339332650-01-01
COMERCIAL-LIMPEZA-7500435160025-01;Oferta válida para compras realizadas por pessoas físicas, com limite de R$ 16,80 por CPF, nas lojas Mateus Supermercados, Mix Atacarejo e Camiño em São Luís-Ma. Vigente de 26/04/2021 a 09/05/2021 ou enquanto durarem os estoques.;26/04/2021;09/05/2021;90;R$ 672,00;R$ 16,80;7;LIMPEZA-ERMESSON;7500435160025;Amaciante Concentrado Místico Collection 1,35L;1;R$ 2,80;COMERCIAL-LIMPEZA-7500435160025-01-01
COMERCIAL-LIMPEZA-7500435159951-01;Oferta válida para compras realizadas por pessoas físicas, com limite de R$ 16,80 por CPF, nas lojas Mateus Supermercados, Mix Atacarejo e Camiño em São Luís-Ma. Vigente de 26/04/2021 a 09/05/2021 ou enquanto durarem os estoques.;26/04/2021;09/05/2021;90;R$ 672,00;R$ 16,80;7;LIMPEZA-ERMESSON;7500435159951;Amaciante Concentrado Paixão Collection 1,35L;1;R$ 2,80;COMERCIAL-LIMPEZA-7500435159951-01-01
COMERCIAL-LIMPEZA-7500435160063-01;Oferta válida para compras realizadas por pessoas físicas, com limite de R$ 16,80 por CPF, nas lojas Mateus Supermercados, Mix Atacarejo e Camiño em São Luís-Ma. Vigente de 26/04/2021 a 09/05/2021 ou enquanto durarem os estoques.;26/04/2021;09/05/2021;90;R$ 672,00;R$ 16,80;7;LIMPEZA-ERMESSON;7500435160063;Amaciante de Roupa Concentrado Sports Frasco 1,35L;1;R$ 2,80;COMERCIAL-LIMPEZA-7500435160063-01-01
COMERCIAL-LIMPEZA-7500435160049-01;Oferta válida para compras realizadas por pessoas físicas, com limite de R$ 16,80 por CPF, nas lojas Mateus Supermercados, Mix Atacarejo e Camiño em São Luís-Ma. Vigente de 26/04/2021 a 09/05/2021 ou enquanto durarem os estoques.;26/04/2021;09/05/2021;90;R$ 672,00;R$ 16,80;7;LIMPEZA-ERMESSON;7500435160049;Amaciante Concentrado Adorável Collection 1,35L;1;R$ 2,80;COMERCIAL-LIMPEZA-7500435160049-01-01
COMERCIAL-LIMPEZA-7500435160827-01;Oferta válida para compras realizadas por pessoas físicas, com limite de R$ 16,80 por CPF, nas lojas Mateus Supermercados, Mix Atacarejo e Camiño em São Luís-Ma. Vigente de 26/04/2021 a 09/05/2021 ou enquanto durarem os estoques.;26/04/2021;09/05/2021;90;R$ 672,00;R$ 16,80;7;LIMPEZA-ERMESSON;7500435160827;Amaciante Concentrado Água de Coco Fashion 1,35L;1;R$ 2,80;COMERCIAL-LIMPEZA-7500435160827-01-01
COMERCIAL-LIMPEZA-7500435156974-01;Oferta válida para compras realizadas por pessoas físicas, com limite de R$ 16,80 por CPF, nas lojas Mateus Supermercados, Mix Atacarejo e Camiño em São Luís-Ma. Vigente de 26/04/2021 a 09/05/2021 ou enquanto durarem os estoques.;26/04/2021;09/05/2021;90;R$ 672,00;R$ 16,80;7;LIMPEZA-ERMESSON;7500435156974;Amaciante de Roupa Concentrado Sensitive 1,35L;1;R$ 2,80;COMERCIAL-LIMPEZA-7500435156974-01-01
COMERCIAL-LIMPEZA-7500435153898-01;Oferta válida para compras realizadas por pessoas físicas, com limite de R$ 16,80 por CPF, nas lojas Mateus Supermercados, Mix Atacarejo e Camiño em São Luís-Ma. Vigente de 26/04/2021 a 09/05/2021 ou enquanto durarem os estoques.;26/04/2021;09/05/2021;90;R$ 672,00;R$ 16,80;7;LIMPEZA-ERMESSON;7500435153898;Amaciante de Roupa Concentrado Água Fresca 1,5L;1;R$ 2,80;COMERCIAL-LIMPEZA-7500435153898-01-01
COMERCIAL-LIMPEZA-7506339389883-01;Oferta válida para compras realizadas por pessoas físicas, com limite de R$ 16,80 por CPF, nas lojas Mateus Supermercados, Mix Atacarejo e Camiño em São Luís-Ma. Vigente de 26/04/2021 a 09/05/2021 ou enquanto durarem os estoques.;26/04/2021;09/05/2021;90;R$ 672,00;R$ 16,80;7;LIMPEZA-ERMESSON;7506339389883;Amaciante Concentrado Lírios do Campo 1,5L;1;R$ 2,80;COMERCIAL-LIMPEZA-7506339389883-01-01
COMERCIAL-BAZAR-7898966662379-01;Oferta válida para compras realizadas por pessoas físicas, com limite de R$ 4,08 por CPF, nas lojas Mateus Supermercados, Mix Atacarejo e Camiño em São Luís-Ma. Vigente de 26/04/2021 a 09/05/2021 ou enquanto durarem os estoques.;26/04/2021;09/05/2021;90;R$ 204,00;R$ 4,08;7;BAZAR-SUELEM SOUSA;7898966662379;Pote Hermética Redonda Porta Tudo Colorido Unidade;1;R$ 2,04;COMERCIAL-BAZAR-7898966662379-01-01
COMERCIAL-LIMPEZA-7898632990164-01;Oferta válida para compras realizadas por pessoas físicas, com limite de R$ 6,00 por CPF, nas lojas Mateus Supermercados, Mix Atacarejo e Camiño em São Luís-Ma. Vigente de 26/04/2021 a 09/05/2021 ou enquanto durarem os estoques.;26/04/2021;09/05/2021;90;R$ 480,00;R$ 6,00;7;LIMPEZA-ERMESSON;7898632990164;Sabão em Pó Multiação Pacote 2,1kg;1;R$ 1,00;COMERCIAL-LIMPEZA-7898632990164-01-01
COMERCIAL-BEBIDAS-5000267013602-01;Oferta válida para compras realizadas por pessoas físicas, com limite de R$ 60,00 por CPF, nas lojas Mateus Supermercados, Mix Atacarejo e Camiño em São Luís-Ma. Vigente de 26/04/2021 a 09/05/2021 ou enquanto durarem os estoques.;26/04/2021;09/05/2021;90;R$ 400,00;R$ 60,00;7;BEBIDAS-ANDRÉ SERPA;5000267013602;Whisky Escocês Blended Red Label Garrafa 1L;1;R$ 10,00;COMERCIAL-BEBIDAS-5000267013602-01-01
COMERCIAL-BAZAR-7898678504011-01;Oferta válida para compras realizadas por pessoas físicas, com limite de R$ 2,78 por CPF, nas lojas Mateus Supermercados, Mix Atacarejo e Camiño em São Luís-Ma. Vigente de 26/04/2021 a 09/05/2021 ou enquanto durarem os estoques.;26/04/2021;09/05/2021;90;R$ 83,40;R$ 2,78;7;BAZAR-ELIANA SILVA;7898678504011;Taças de Vinho Diamond 245ML;1;R$ 1,39;COMERCIAL-BAZAR-7898678504011-01-01
COMERCIAL-BAZAR-7896768703405-01;Oferta válida para compras realizadas por pessoas físicas, com limite de R$ 5,30 por CPF, nas lojas Mateus Supermercados, Mix Atacarejo e Camiño em São Luís-Ma. Vigente de 26/04/2021 a 09/05/2021 ou enquanto durarem os estoques.;26/04/2021;09/05/2021;90;R$ 212,00;R$ 5,30;7;BAZAR-SUELEM SOUSA;7896768703405;Caixa Organizadora com Tampa 20 Litros Pote;1;R$ 2,65;COMERCIAL-BAZAR-7896768703405-01-01
COMERCIAL-BEBIDAS-9002490100490-01;Oferta válida para compras realizadas por pessoas físicas, com limite de R$ 14,58 por CPF, nas lojas Mateus Supermercados, Mix Atacarejo e Camiño em São Luís-Ma. Vigente de 26/04/2021 a 09/05/2021 ou enquanto durarem os estoques.;26/04/2021;09/05/2021;90;R$ 486,00;R$ 14,58;7;BEBIDAS-JULILLENO;9002490100490;Pack Energético 4 Unidades Lata 250ml;1;R$ 2,43;COMERCIAL-BEBIDAS-9002490100490-01-01
COMERCIAL-BEBIDAS-5601096201309-01;Oferta válida para compras realizadas por pessoas físicas, com limite de R$ 29,46 por CPF, nas lojas Mateus Supermercados, Mix Atacarejo e Camiño em São Luís-Ma. Vigente de 26/04/2021 a 09/05/2021 ou enquanto durarem os estoques.;26/04/2021;09/05/2021;90;R$ 98,20;R$ 29,46;7;BEBIDAS-CLAUDIO ROBERTO;5601096201309;Vinho Português Branco Meio Seco Casal 750ML;1;R$ 4,91;COMERCIAL-BEBIDAS-5601096201309-01-01
COMERCIAL-BEBIDAS-5601096351301-01;Oferta válida para compras realizadas por pessoas físicas, com limite de R$ 29,46 por CPF, nas lojas Mateus Supermercados, Mix Atacarejo e Camiño em São Luís-Ma. Vigente de 26/04/2021 a 09/05/2021 ou enquanto durarem os estoques.;26/04/2021;09/05/2021;90;R$ 98,20;R$ 29,46;7;BEBIDAS-CLAUDIO ROBERTO;5601096351301;Vinho Português Tinto Seco Douro Garrafa 750ml;1;R$ 4,91;COMERCIAL-BEBIDAS-5601096351301-01-01
COMERCIAL-BEBIDAS-5601096200319-01;Oferta válida para compras realizadas por pessoas físicas, com limite de R$ 29,46 por CPF, nas lojas Mateus Supermercados, Mix Atacarejo e Camiño em São Luís-Ma. Vigente de 26/04/2021 a 09/05/2021 ou enquanto durarem os estoques.;26/04/2021;09/05/2021;90;R$ 98,20;R$ 29,46;7;BEBIDAS-CLAUDIO ROBERTO;5601096200319;Vinho Português Branco Sweet Vinho Verde 750ml;1;R$ 4,91;COMERCIAL-BEBIDAS-5601096200319-01-01
COMERCIAL-BEBIDAS-5601096328303-01;Oferta válida para compras realizadas por pessoas físicas, com limite de R$ 29,46 por CPF, nas lojas Mateus Supermercados, Mix Atacarejo e Camiño em São Luís-Ma. Vigente de 26/04/2021 a 09/05/2021 ou enquanto durarem os estoques.;26/04/2021;09/05/2021;90;R$ 98,20;R$ 29,46;7;BEBIDAS-CLAUDIO ROBERTO;5601096328303;Vinho Português Rosé Meio Seco Vinho Verde 750ml;1;R$ 4,91;COMERCIAL-BEBIDAS-5601096328303-01-01
COMERCIAL-BAZAR-7898964200009-01;Oferta válida para compras realizadas por pessoas físicas, com limite de R$ 6,00 por CPF, nas lojas Mateus Supermercados, Mix Atacarejo e Camiño em São Luís-Ma. Vigente de 26/04/2021 a 09/05/2021 ou enquanto durarem os estoques.;26/04/2021;09/05/2021;90;R$ 180,00;R$ 6,00;7;BAZAR-ELIANA SILVA;7898964200009;Conjunto Boleira Vidro com Pé Caixa;1;R$ 3,00;COMERCIAL-BAZAR-7898964200009-01-01
COMERCIAL-BAZAR-7891361237173-01;Oferta válida para compras realizadas por pessoas físicas, com limite de R$ 20,00 por CPF, nas lojas Mateus Supermercados, Mix Atacarejo e Camiño em São Luís-Ma. Vigente de 26/04/2021 a 09/05/2021 ou enquanto durarem os estoques.;26/04/2021;09/05/2021;90;R$ 200,00;R$ 20,00;7;BAZAR-ELIANA SILVA;7891361237173;Aparelho De Jantar Donna Lola 16 Peças Caixa;1;R$ 10,00;COMERCIAL-BAZAR-7891361237173-01-01
COMERCIAL-BAZAR-7898678500822-01;Oferta válida para compras realizadas por pessoas físicas, com limite de R$ 20,00 por CPF, nas lojas Mateus Supermercados, Mix Atacarejo e Camiño em São Luís-Ma. Vigente de 26/04/2021 a 09/05/2021 ou enquanto durarem os estoques.;26/04/2021;09/05/2021;90;R$ 100,00;R$ 20,00;7;BAZAR-ELIANA SILVA;7898678500822;Suqueira de Vidro Unidade 2L;1;R$ 10,00;COMERCIAL-BAZAR-7898678500822-01-01
COMERCIAL-BAZAR-7898452489718-01;Oferta válida para compras realizadas por pessoas físicas, com limite de R$ 3,40 por CPF, nas lojas Mateus Supermercados, Mix Atacarejo e Camiño em São Luís-Ma. Vigente de 26/04/2021 a 09/05/2021 ou enquanto durarem os estoques.;26/04/2021;09/05/2021;90;R$ 102,00;R$ 3,40;7;BAZAR-CARLA GABRIELA ;7898452489718;Capa de Chuva Menina Mily Pacote;1;R$ 1,70;COMERCIAL-BAZAR-7898452489718-01-01
COMERCIAL-BAZAR-7898452489725-01;Oferta válida para compras realizadas por pessoas físicas, com limite de R$ 3,40 por CPF, nas lojas Mateus Supermercados, Mix Atacarejo e Camiño em São Luís-Ma. Vigente de 26/04/2021 a 09/05/2021 ou enquanto durarem os estoques.;26/04/2021;09/05/2021;90;R$ 102,00;R$ 3,40;7;BAZAR-CARLA GABRIELA ;7898452489725;Capa de Chuva para Menino Zac Pacote;1;R$ 1,70;COMERCIAL-BAZAR-7898452489725-01-01
COMERCIAL-BAZAR-7898678508941-01;Oferta válida para compras realizadas por pessoas físicas, com limite de R$ 2,18 por CPF, nas lojas Mateus Supermercados, Mix Atacarejo e Camiño em São Luís-Ma. Vigente de 26/04/2021 a 09/05/2021 ou enquanto durarem os estoques.;26/04/2021;09/05/2021;90;R$ 65,40;R$ 2,18;7;BAZAR-ELIANA SILVA;7898678508941;Taça de Água 280ML;1;R$ 1,09;COMERCIAL-BAZAR-7898678508941-01-01
COMERCIAL-BAZAR-7909510861152-01;Oferta válida para compras realizadas por pessoas físicas, com limite de R$ 2,62 por CPF, nas lojas Mateus Supermercados, Mix Atacarejo e Camiño em São Luís-Ma. Vigente de 26/04/2021 a 09/05/2021 ou enquanto durarem os estoques.;26/04/2021;09/05/2021;90;R$ 13,10;R$ 2,62;7;BAZAR-LUCIANA;7909510861152;Sandália Ipanema Nexo 35 Rosa e Vermelha 1 Par;1;R$ 1,31;COMERCIAL-BAZAR-7909510861152-01-01
COMERCIAL-BAZAR-7909510861183-01;Oferta válida para compras realizadas por pessoas físicas, com limite de R$ 2,62 por CPF, nas lojas Mateus Supermercados, Mix Atacarejo e Camiño em São Luís-Ma. Vigente de 26/04/2021 a 09/05/2021 ou enquanto durarem os estoques.;26/04/2021;09/05/2021;90;R$ 13,10;R$ 2,62;7;BAZAR-LUCIANA;7909510861183;Sandália Ipanema Nexo 38 Rosa e Vermelha 1 Par;1;R$ 1,31;COMERCIAL-BAZAR-7909510861183-01-01
COMERCIAL-BAZAR-7909510861176-01;Oferta válida para compras realizadas por pessoas físicas, com limite de R$ 2,62 por CPF, nas lojas Mateus Supermercados, Mix Atacarejo e Camiño em São Luís-Ma. Vigente de 26/04/2021 a 09/05/2021 ou enquanto durarem os estoques.;26/04/2021;09/05/2021;90;R$ 13,10;R$ 2,62;7;BAZAR-LUCIANA;7909510861176;Sandália Ipanema Nexo 37 Rosa e Vermelha 1 Par;1;R$ 1,31;COMERCIAL-BAZAR-7909510861176-01-01
COMERCIAL-BAZAR-7909510861169-01;Oferta válida para compras realizadas por pessoas físicas, com limite de R$ 2,62 por CPF, nas lojas Mateus Supermercados, Mix Atacarejo e Camiño em São Luís-Ma. Vigente de 26/04/2021 a 09/05/2021 ou enquanto durarem os estoques.;26/04/2021;09/05/2021;90;R$ 13,10;R$ 2,62;7;BAZAR-LUCIANA;7909510861169;Sandália Ipanema Nexo 36 Rosa e Vermelha 1 Par;1;R$ 1,31;COMERCIAL-BAZAR-7909510861169-01-01
COMERCIAL-BAZAR-7892023045785-01;Oferta válida para compras realizadas por pessoas físicas, com limite de R$ 4,20 por CPF, nas lojas Mateus Supermercados, Mix Atacarejo e Camiño em São Luís-Ma. Vigente de 26/04/2021 a 09/05/2021 ou enquanto durarem os estoques.;26/04/2021;09/05/2021;90;R$ 210,00;R$ 4,20;7;BAZAR-VANESSA REIS;7892023045785;Toalha de Banho Maia Verde Unidade;1;R$ 2,10;COMERCIAL-BAZAR-7892023045785-01-01
COMERCIAL-BAZAR-7892023045761-01;Oferta válida para compras realizadas por pessoas físicas, com limite de R$ 4,20 por CPF, nas lojas Mateus Supermercados, Mix Atacarejo e Camiño em São Luís-Ma. Vigente de 26/04/2021 a 09/05/2021 ou enquanto durarem os estoques.;26/04/2021;09/05/2021;90;R$ 210,00;R$ 4,20;7;BAZAR-VANESSA REIS;7892023045761;Toalha de Banho Maia Branca Unidade;1;R$ 2,10;COMERCIAL-BAZAR-7892023045761-01-01
COMERCIAL-BAZAR-7892023048731-01;Oferta válida para compras realizadas por pessoas físicas, com limite de R$ 4,20 por CPF, nas lojas Mateus Supermercados, Mix Atacarejo e Camiño em São Luís-Ma. Vigente de 26/04/2021 a 09/05/2021 ou enquanto durarem os estoques.;26/04/2021;09/05/2021;90;R$ 210,00;R$ 4,20;7;BAZAR-VANESSA REIS;7892023048731;Toalha de Banho Maia Perola Unidade;1;R$ 2,10;COMERCIAL-BAZAR-7892023048731-01-01
COMERCIAL-BAZAR-7892023046553-01;Oferta válida para compras realizadas por pessoas físicas, com limite de R$ 4,20 por CPF, nas lojas Mateus Supermercados, Mix Atacarejo e Camiño em São Luís-Ma. Vigente de 26/04/2021 a 09/05/2021 ou enquanto durarem os estoques.;26/04/2021;09/05/2021;90;R$ 210,00;R$ 4,20;7;BAZAR-VANESSA REIS;7892023046553;Toalha de Banho Maia Coral Unidade;1;R$ 2,10;COMERCIAL-BAZAR-7892023046553-01-01
COMERCIAL-BEBIDAS-5000291023462-01;Oferta válida para compras realizadas por pessoas físicas, com limite de R$ 20,00 por CPF, nas lojas Mateus Supermercados, Mix Atacarejo e Camiño em São Luís-Ma. Vigente de 26/04/2021 a 09/05/2021 ou enquanto durarem os estoques.;26/04/2021;09/05/2021;90;R$ 300,00;R$ 20,00;7;BEBIDAS-ANDRÉ SERPA;5000291023462;Gin Tanqueray London Dry Flor de Sevilla 700ml;1;R$ 10,00;COMERCIAL-BEBIDAS-5000291023462-01-01
COMERCIAL-BEBIDAS-5000291021628-01;Oferta válida para compras realizadas por pessoas físicas, com limite de R$ 20,00 por CPF, nas lojas Mateus Supermercados, Mix Atacarejo e Camiño em São Luís-Ma. Vigente de 26/04/2021 a 09/05/2021 ou enquanto durarem os estoques.;26/04/2021;09/05/2021;90;R$ 300,00;R$ 20,00;7;BEBIDAS-ANDRÉ SERPA;5000291021628;Gin Tanqueray Rangpur Garrafa 700ml;1;R$ 10,00;COMERCIAL-BEBIDAS-5000291021628-01-01
COMERCIAL-LIMPEZA-7891150064577-01;Oferta válida para compras realizadas por pessoas físicas, com limite de R$ 22,80 por CPF, nas lojas Mateus Supermercados, Mix Atacarejo e Camiño em São Luís-Ma. Vigente de 26/04/2021 a 09/05/2021 ou enquanto durarem os estoques.;26/04/2021;09/05/2021;90;R$ 912,00;R$ 22,80;7;LIMPEZA-CRISTIANO;7891150064577;Lava-Roupas em Pó Lavagem Perfeita Família 2,4kg;1;R$ 1,90;COMERCIAL-LIMPEZA-7891150064577-01-01
COMERCIAL-BAZAR-7899676511834-01;Oferta válida para compras realizadas por pessoas físicas, com limite de R$ 1,38 por CPF, nas lojas Mateus Supermercados, Mix Atacarejo e Camiño em São Luís-Ma. Vigente de 26/04/2021 a 09/05/2021 ou enquanto durarem os estoques.;26/04/2021;09/05/2021;90;R$ 138,00;R$ 1,38;7;BAZAR-ELIANA SILVA;7899676511834;Jogos de 3 Peças de Caneca Amazon Caixa;1;R$ 0,69;COMERCIAL-BAZAR-7899676511834-01-01
COMERCIAL-HIGIENE E BELEZA-7506306241183-01;Oferta válida para compras realizadas por pessoas físicas, com limite de R$ 6,00 por CPF, nas lojas Mateus Supermercados, Mix Atacarejo e Camiño em São Luís-Ma. Vigente de 26/04/2021 a 09/05/2021 ou enquanto durarem os estoques.;26/04/2021;09/05/2021;90;R$ 600,00;R$ 6,00;7;HIGIENE E BELEZA-TATIANA;7506306241183;Antitranspirante Aerossol Original Frasco 89g;1;R$ 1,00;COMERCIAL-HIGIENE E BELEZA-7506306241183-01-01
COMERCIAL-FERRAMENTAS/FERRAGENS-6938628222709-01;Oferta válida para compras realizadas por pessoas físicas, com limite de R$ 93,50 por CPF, nas lojas Mateus Supermercados, Mix Atacarejo e Camiño em São Luís-Ma. Vigente de 26/04/2021 a 09/05/2021 ou enquanto durarem os estoques.;26/04/2021;09/05/2021;90;R$ 374,00;R$ 93,50;7;FERRAMENTAS/FERRAGENS-COMPRADOR PNEUS;6938628222709;Pneu para Carro 175/75 Aro 14 86T Unidade;1;R$ 18,70;COMERCIAL-FERRAMENTAS/FERRAGENS-6938628222709-01-01
COMERCIAL-FERRAMENTAS/FERRAGENS-7897154296143-01;Oferta válida para compras realizadas por pessoas físicas, com limite de R$ 60,00 por CPF, nas lojas Mateus Supermercados, Mix Atacarejo e Camiño em São Luís-Ma. Vigente de 26/04/2021 a 09/05/2021 ou enquanto durarem os estoques.;26/04/2021;09/05/2021;90;R$ 900,00;R$ 60,00;7;FERRAMENTAS/FERRAGENS-RAYANE DIAS;7897154296143;Bateria para Carro M60AX Unidade;1;R$ 30,00;COMERCIAL-FERRAMENTAS/FERRAGENS-7897154296143-01-01
COMERCIAL-BEBIDAS-5000291021925-01;Oferta válida para compras realizadas por pessoas físicas, com limite de R$ 20,00 por CPF, nas lojas Mateus Supermercados, Mix Atacarejo e Camiño em São Luís-Ma. Vigente de 26/04/2021 a 09/05/2021 ou enquanto durarem os estoques.;26/04/2021;09/05/2021;90;R$ 300,00;R$ 20,00;7;BEBIDAS-ANDRÉ SERPA;5000291021925;Gin Tanqueray Old Ton nº Ten Garrafa 750ml;1;R$ 10,00;COMERCIAL-BEBIDAS-5000291021925-01-01
COMERCIAL-BEBIDAS-7312040017034-01;Oferta válida para compras realizadas por pessoas físicas, com limite de R$ 30,00 por CPF, nas lojas Mateus Supermercados, Mix Atacarejo e Camiño em São Luís-Ma. Vigente de 26/04/2021 a 09/05/2021 ou enquanto durarem os estoques.;26/04/2021;09/05/2021;90;R$ 250,00;R$ 30,00;7;BEBIDAS-ANDRÉ SERPA;7312040017034;Vodka Destilada Garrafa 1L;1;R$ 5,00;COMERCIAL-BEBIDAS-7312040017034-01-01
COMERCIAL-BEBIDAS-5000329002537-01;Oferta válida para compras realizadas por pessoas físicas, com limite de R$ 30,00 por CPF, nas lojas Mateus Supermercados, Mix Atacarejo e Camiño em São Luís-Ma. Vigente de 26/04/2021 a 09/05/2021 ou enquanto durarem os estoques.;26/04/2021;09/05/2021;90;R$ 250,00;R$ 30,00;7;BEBIDAS-ANDRÉ SERPA;5000329002537;Gin Beefeater London Dry Garrafa 750ml;1;R$ 5,00;COMERCIAL-BEBIDAS-5000329002537-01-01
COMERCIAL-BEBIDAS-5000291020706-01;Oferta válida para compras realizadas por pessoas físicas, com limite de R$ 30,00 por CPF, nas lojas Mateus Supermercados, Mix Atacarejo e Camiño em São Luís-Ma. Vigente de 26/04/2021 a 09/05/2021 ou enquanto durarem os estoques.;26/04/2021;09/05/2021;90;R$ 300,00;R$ 30,00;7;BEBIDAS-ANDRÉ SERPA;5000291020706;Gin Tanqueray Export Garrafa 750ml;1;R$ 5,00;COMERCIAL-BEBIDAS-5000291020706-01-01
COMERCIAL-FERRAMENTAS/FERRAGENS-8019227099805-01;Oferta válida para compras realizadas por pessoas físicas, com limite de R$ 20,00 por CPF, nas lojas Mateus Supermercados, Mix Atacarejo e Camiño em São Luís-Ma. Vigente de 26/04/2021 a 09/05/2021 ou enquanto durarem os estoques.;26/04/2021;09/05/2021;90;R$ 200,00;R$ 20,00;7;FERRAMENTAS/FERRAGENS-COMPRADOR PNEUS;8019227099805;Pneu Traseiro Moto Bros 110/90 Aro 17 Mt60 Unidade;1;R$ 10,00;COMERCIAL-FERRAMENTAS/FERRAGENS-8019227099805-01-01
